quelle_seite,tabelle,zeile,spalte_1,spalte_2,spalte_3,spalte_4,spalte_5,spalte_6,spalte_7,spalte_8,spalte_9,spalte_10
1,1,6,,Gesetzliche Krankenversicherung,,,,,,,,
1,1,7,,"Mitglieder,",,,,,,,,
1,1,8,,mitversicherte Angehörige,,,,,,,,
1,1,9,,und Krankenstand,,,,,,,,
1,1,10,,Monatswerte,,,,,,,,
1,1,11,,Januar - April 2026,,,,,,,,
1,1,25,,(Ergebnisse der,,,,,,,,
1,1,26,,GKV-Statistik KM1),,,,,,,,
1,1,27,,Stand: 4. Mai 2026,,,,,,,,
2,1,1,Inhalt,,,,,,,,,
2,1,3,,Seite,,,,,,,,
2,1,4,2026-01-01 00:00:00,3,,,,,,,,
2,1,5,2026-02-01 00:00:00,10,,,,,,,,
2,1,6,2026-03-01 00:00:00,17,,,,,,,,
2,1,7,2026-04-01 00:00:00,24,,,,,,,,
2,1,16,AKV = Allgemeine Krankenversicherung (Mitglieder ohne Rentner),,,,,,,,,
2,1,17,KVdR = Krankenversicherung der Rentner,,,,,,,,,
2,1,18,GKV = Gesetzliche Krankenversicherung (AKV + KVdR),,,,,,,,,
2,1,19,Krankenstand = Arbeitsunfähige krankengeldberechtige Mitglieder,,,,,,,,,
2,1,20,in % zu allen krankengeldberechtigten Mitgliedern,,,,,,,,,
2,1,22,Stichtag jeweils 1. des Monats,,,,,,,,,
2,1,23,"Versichertenabgänge und Versichertenzugänge, Schlüssel 40100-41999:",,,,,,,,,
2,1,24,Nicht alle Ab- und Zugänge können von den Krankenkassen ihrem Grund nach erfasst werden.,,,,,,,,,
2,1,26,Versicherte = Mitglieder und mitversicherte Familienangehörige zusammen,,,,,,,,,
3,1,1,,,,,Monatsstatistik der Gesetzlichen Krankenversicherung,,,,,
3,1,2,,,,,"über Mitglieder, Versicherte und Kranke, Januar 2026",,,,,
3,1,3,,,,,Bund insgesamt,,,,,
3,1,4,Mitgliederstatistik KM1,,,,,,,,,
3,1,5,,,,Insgesamt,AOK,BKK,IKK,LKK,KBS,vdek
3,1,7,,,,Anzahl der Kassen,,,,,,
3,1,9,Kassen insgesamt,,,93,11,68,6,1,1,6
3,1,12,landesunmittelbar,,,34,11,21,2,,,
3,1,14,bundesunmittelbar,,,59,,47,4,1,1,6
3,1,16,regional geöffnet,,,38,11,24,3,,,
3,1,18,bundesweit geöffnet,,,34,,24,3,,1,6
3,1,20,nicht geöffnet,,,21,,20,,1,,
3,1,21,Pflichtmitglieder mit Entgeltfortzahlungsanspruch für mindestens 6 Wochen,10010,Mä,14496662,5768757,2395329,1127324,0,162574,5042678
3,1,22,,,Fr,14577018,5034929,2473819,971829,0,144636,5951805
3,1,23,,,Zu,29073680,10803686,4869148,2099153,0,307210,10994483
3,1,24,Pflichtmitglieder ohne Entgeltfortzahlungsanspruch für mindestens 6 Wochen,10011,Mä,7178,215,2288,703,0,8,3964
3,1,25,,,Fr,5450,662,1521,553,0,14,2700
3,1,26,,,Zu,12628,877,3809,1256,0,22,6664
3,1,27,Auszubildende mit Entgelt (aus Schl.-Nr. 10010),10015,Mä,921802,347099,168444,64414,0,9295,332550
3,1,28,,,Fr,680795,272855,109336,45747,0,7079,245778
3,1,29,,,Zu,1602597,619954,277780,110161,0,16374,578328
3,1,30,Saisonarbeitnehmer (aus Schl.-Nr. 10010 und 10011),10016,Mä,10739,4163,603,132,0,108,5733
3,1,31,,,Fr,7060,2951,513,75,0,56,3465
3,1,32,,,Zu,17799,7114,1116,207,0,164,9198
3,1,33,Arbeitslosengeldempfänger nach dem SGB III,10030,Mä,603421,253788,90195,46628,132,7753,204925
3,1,34,,,Fr,467484,175060,73206,31310,132,5441,182335
3,1,35,,,Zu,1070905,428848,163401,77938,264,13194,387260
3,1,36,Bürgergeld-Beziehende,10031,Mä,1505496,857759,133601,109523,298,23340,380975
3,1,37,,,Fr,1559198,921727,131847,96714,284,23366,385260
3,1,38,,,Zu,3064694,1779486,265448,206237,582,46706,766235
3,1,39,Landwirtschaftliche Unternehmer,10050,Mä,115424,,0,0,115424,,0
3,1,40,,,Fr,15837,,0,0,15837,,0
3,1,41,,,Zu,131261,,0,0,131261,,0
3,1,42,Mitarbeitende Familienangehörige,10051,Mä,10336,,0,0,10336,,0
3,1,43,,,Fr,6495,,0,0,6495,,0
3,1,44,,,Zu,16831,,0,0,16831,,0
3,1,45,"Versicherungspflichtige nach § 5 Abs. 1 Nr. 13 SGB V, § 2 Abs. 1 Nr. 7 KVLG 1989",10060,Mä,48621,22979,4981,4396,103,586,15576
3,1,46,,,Fr,28885,12086,3108,1803,64,301,11523
3,1,47,,,Zu,77506,35065,8089,6199,167,887,27099
3,1,48,Sonstige Pflichtmitglieder (ohne 10010 bis 10060 und 10090 bis 10170),10070,Mä,485390,201532,78936,32562,0,7911,164449
3,1,49,,,Fr,348298,131253,46174,22063,0,4675,144133
3,1,50,,,Zu,833688,332785,125110,54625,0,12586,308582
3,1,51,Versicherungspflichtige Beschäftigte mit Bezug einer Altersrente (aus Schl.-Nr. 10070),10071,Mä,117746,17055,22613,16408,0,714,60956
3,1,52,,,Fr,102729,13223,18190,10482,0,400,60434
3,1,53,,,Zu,220475,30278,40803,26890,0,1114,121390
3,1,54,"Studenten, Praktikanten, Auszubildende ohne Entgelt",10090,Mä,404510,76557,50604,12552,804,1670,262323
3,1,55,,,Fr,373325,78623,49994,12833,859,1656,229360
3,1,56,,,Zu,777835,155180,100598,25385,1663,3326,491683
3,1,57,Rehabilitanden,10110,Mä,20969,8651,2980,2103,104,413,6718
3,1,58,,,Fr,16074,6163,2369,1349,17,263,5913
3,1,59,,,Zu,37043,14814,5349,3452,121,676,12631
3,1,60,Selbständige Künstler und Publizisten,10130,Mä,78192,14960,9150,2441,,301,51340
3,1,61,,,Fr,72981,11289,9876,2185,,262,49369
3,1,62,,,Zu,151173,26249,19026,4626,,563,100709
3,1,63,Versicherungspflichtige Vorruhestandsgeldempfänger nach § 5 Abs. 3 SGB V/§ 2 Abs. 6 KVLG 1989,10150,Mä,1838,323,810,53,0,7,645
3,1,64,,,Fr,4163,514,1377,154,0,17,2101
3,1,65,,,Zu,6001,837,2187,207,0,24,2746
3,1,66,Freiwillig Wehrdienstleistende,10170,Mä,3025,952,473,178,0,118,1304
3,1,67,,,Fr,557,188,75,26,1,14,253
3,1,68,,,Zu,3582,1140,548,204,1,132,1557
3,1,69,Pflichtmitglieder AKV gesamt (Schl.-Nr. 10010 bis 10170 ohne 10015 und 10016),10199,Mä,17781062,7206473,2769347,1338463,127201,204681,6134897
3,1,70,,,Fr,17475765,6372494,2793366,1140819,23689,180645,6964752
3,1,71,,,Zu,35256827,13578967,5562713,2479282,150890,385326,13099649
3,1,72,Freiwillige Mitglieder mit Anspruch auf  Krankengeld nach Ablauf von 6 Wochen,10210,Mä,2504630,405574,597878,104669,634,15900,1379975
3,1,73,,,Fr,886415,135481,182909,35892,42,4245,527846
3,1,74,,,Zu,3391045,541055,780787,140561,676,20145,1907821
3,1,75,Freiwillige Mitglieder ohne Anspruch auf Krankengeld,10212,Mä,1659094,574935,211054,112977,13205,21429,725494
3,1,76,,,Fr,1127736,360777,153694,61861,6691,13070,531643
3,1,77,,,Zu,2786830,935712,364748,174838,19896,34499,1257137
3,1,78,Freiwillige Mitglieder - Arbeitnehmer - aus den Schl.-Nrn. 10210 und 10212,10217,Mä,2311309,347477,576444,81510,1325,14965,1289588
3,1,79,,,Fr,775193,109327,167716,26360,250,3681,467859
3,1,80,,,Zu,3086502,456804,744160,107870,1575,18646,1757447
3,1,81,Freiwillige Mitglieder - hauptberuflich Selbständige - aus den Sch.-Nrn. 10210 und 10212,10218,Mä,966650,309895,124182,85306,8947,7440,430880
3,1,82,,,Fr,531870,140807,82022,36834,2840,3829,265538
3,1,83,,,Zu,1498520,450702,206204,122140,11787,11269,696418
3,1,84,Freiwillige Mitglieder -Rentner- aus den Schl.-Nrn. 10210 bis 10212,10219,Mä,217183,93420,22454,12350,342,5415,83202
3,1,85,,,Fr,147837,60744,14473,6622,267,3043,62688
3,1,86,,,Zu,365020,154164,36927,18972,609,8458,145890
3,1,87,Freiwillige Mitglieder - ohne Mitwirkung bei der Begründung der Mitgliedschaft und Beitragseinstufung zum Höchstbetrag,10221,Mä,157443,64411,16897,8445,0,3988,63702
3,1,88,,,Fr,88100,36672,9073,4598,0,2592,35165
3,1,89,,,Zu,245543,101083,25970,13043,0,6580,98867
3,1,90,Freiwillige Mitglieder - Beamte - aus der Schl.-Nr. 10212,10222,Mä,45186,16865,5289,1760,0,41,21231
3,1,91,,,Fr,56496,14374,6350,1958,0,66,33748
3,1,92,,,Zu,101682,31239,11639,3718,0,107,54979
3,1,93,Vorruhestandsgeldempfänger mit Beitragszuschuß nach § 257 Abs. 3 SGB V,10230,Mä,1472,19,549,40,0,,864
3,1,94,,,Fr,559,7,114,18,0,,420
3,1,95,,,Zu,2031,26,663,58,0,,1284
3,1,96,Freiwillige Mitglieder mit Auslandsaufenthalt (§ 240 Abs. 4b SGB V),10270,Mä,18541,3081,4785,580,5,135,9955
3,1,97,,,Fr,8769,1417,1700,229,1,38,5384
3,1,98,,,Zu,27310,4498,6485,809,6,173,15339
3,1,99,Freiwillige Mitglieder AKV gesamt (Schl.-Nr. 10210 bis 10270 ohne 10217 bis 10221),10299,Mä,4183737,983609,814266,218266,13844,37464,2116288
3,1,100,,,Fr,2023479,497682,338417,98000,6734,17353,1065293
3,1,101,,,Zu,6207216,1481291,1152683,316266,20578,54817,3181581
3,1,102,"Mitglieder AKV gesamt (Schl.-Nr. 10199, 10299)",10399,Mä,21964799,8190082,3583613,1556729,141045,242145,8251185
3,1,103,,,Fr,19499244,6870176,3131783,1238819,30423,197998,8030045
3,1,104,,,Zu,41464043,15060258,6715396,2795548,171468,440143,16281230
3,1,105,Rentner und Rentenantragsteller,10499,Mä,6888017,2473897,1067950,508232,0,248697,2589241
3,1,106,,,Fr,10025147,3523399,1239545,580329,0,293539,4388335
3,1,107,,,Zu,16913164,5997296,2307495,1088561,0,542236,6977576
3,1,108,Altenteiler und sonstige Versicherte der landwirtschaftlichen Krankenkassen,10599,Mä,95193,0,0,0,95193,0,0
3,1,109,,,Fr,119788,0,0,0,119788,0,0
3,1,110,,,Zu,214981,0,0,0,214981,0,0
3,1,111,"Mitglieder KVdR gesamt (Schl.-Nr. 10499,10599)",10599A,Mä,6983210,2473897,1067950,508232,95193,248697,2589241
3,1,112,,,Fr,10144935,3523399,1239545,580329,119788,293539,4388335
3,1,113,,,Zu,17128145,5997296,2307495,1088561,214981,542236,6977576
3,1,114,"Mitglieder gesamt (Schl.-Nr. 10399, 10499, 10599)",10999,Mä,28948009,10663979,4651563,2064961,236238,490842,10840426
3,1,115,,,Fr,29644179,10393575,4371328,1819148,150211,491537,12418380
3,1,116,,,Zu,58592188,21057554,9022891,3884109,386449,982379,23258806
3,1,117,Mitversicherte Familienangehörige der AKV (der Schl.-Nr. 10399),11010,Mä,6805167,2732701,1060301,418347,25925,65919,2501974
3,1,118,,,Fr,8223241,3328726,1299993,510552,55707,85793,2942470
3,1,119,,,Zu,15028408,6061427,2360294,928899,81632,151712,5444444
3,1,120,Mitversicherte Kinder nach  § 10 Abs. 2 und 4 SGB V   aus   Schlnr. 11010,11015,Mä,6549047,2623113,1029974,405270,24643,63767,2402280
3,1,121,,,Fr,6419069,2551301,1017460,401658,25548,62248,2360854
3,1,122,,,Zu,12968116,5174414,2047434,806928,50191,126015,4763134
3,1,123,"Mitversicherte Familienangehörige der KVdR und der Altenteiler (der Schl.-Nr. 10499, 10599)",11030,Mä,148239,62743,19325,9183,454,2709,53825
3,1,124,,,Fr,447169,160399,84164,27041,3250,22923,149392
3,1,125,,,Zu,595408,223142,103489,36224,3704,25632,203217
3,1,126,Mitversicherte Kinder nach  § 10 Abs. 2 und 4 SGB V   aus   Schlnr. 11030,11035,Mä,101900,40278,15069,6954,406,2277,36916
3,1,127,,,Fr,100210,38896,15219,6826,386,2238,36645
3,1,128,,,Zu,202110,79174,30288,13780,792,4515,73561
3,1,129,"Mitversicherte Familienangehörige gesamt (Schl.-Nr. 11010, 11030)",11099,Mä,6953406,2795444,1079626,427530,26379,68628,2555799
3,1,130,,,Fr,8670410,3489125,1384157,537593,58957,108716,3091862
3,1,131,,,Zu,15623816,6284569,2463783,965123,85336,177344,5647661
3,1,132,"Versicherte AKV gesamt (Schl.-Nr. 10399, 11010)",12010,Mä,28769966,10922783,4643914,1975076,166970,308064,10753159
3,1,133,,,Fr,27722485,10198902,4431776,1749371,86130,283791,10972515
3,1,134,,,Zu,56492451,21121685,9075690,3724447,253100,591855,21725674
3,1,135,"Versicherte KVdR und Altenteiler gesamt (Schl.-Nr. 10499, 10599, 11030)",12030,Mä,7131449,2536640,1087275,517415,95647,251406,2643066
3,1,136,,,Fr,10592104,3683798,1323709,607370,123038,316462,4537727
3,1,137,,,Zu,17723553,6220438,2410984,1124785,218685,567868,7180793
3,1,138,"Versicherte gesamt (Schl.-Nr. 12010, 12030)",12099,Mä,35901415,13459423,5731189,2492491,262617,559470,13396225
3,1,139,,,Fr,38314589,13882700,5755485,2356741,209168,600253,15510242
3,1,140,,,Zu,74216004,27342123,11486674,4849232,471785,1159723,28906467
3,1,141,Krankengeldberechtigte Mitglieder (aus Schl.-Nr. 10399),15000,Mä,17776107,6490480,3103385,1288649,11215,188759,6693619
3,1,142,,,Fr,16076655,5390861,2747809,1046530,6658,156156,6728641
3,1,143,,,Zu,33852762,11881341,5851194,2335179,17873,344915,13422260
3,1,144,"Arbeitsunfähige, krankengeldberechtigte Mitglieder (aus Schl.-Nr. 15000)",15010,Mä,720232,281692,130139,73059,195,10774,224373
3,1,145,,,Fr,751243,268491,132662,60826,130,9821,279313
3,1,146,,,Zu,1471475,550183,262801,133885,325,20595,503686
3,1,147,"Krankenstand der arbeitsunfähigen, krankengeldberechtigten Mitglieder (Schlnr. 15010 in v.H. Schl.-Nr. 15000)",15030,Mä,4.05,4.37,4.2,5.67,1.74,5.71,3.35
3,1,148,,,Fr,4.67,5.01,4.84,5.81,1.95,6.29,4.15
3,1,149,,,Zu,4.35,4.66,4.5,5.73,1.82,5.97,3.75
3,1,150,Zusatzbeitrag nach § 242 Absatz 1 SGB V,16060,BM,3.13,2.99,3.45,3.5,,4.3,3.02
3,1,151,"Mitglieder, für die der allgemeine Beitragssatz gilt (§ 241 SGB V)",16100,Zu,51514169,18003066,8267869,3456782,,888904,20897548
3,1,152,"Mitglieder, für die der ermäßigte Beitragssatz gilt (§ 243 SGB V)",16110,Zu,6691570,3054488,755022,427327,,93475,2361258
3,1,153,Versicherte mit Wahltarif nach § 53 Abs. 1 SGB V,18910,Zu,504544,263524,40864,14922,0,42,185192
3,1,154,Versicherte mit Wahltarif nach § 53 Abs. 2 SGB V,18920,Zu,146385,,36896,27092,12633,24,69740
3,1,155,Versicherte mit Wahltarif nach § 53 Abs. 3 SGB V,18930,Zu,17899859,8521942,1523676,965495,154091,515456,6219199
3,1,156,Versicherte mit Wahltarif nach § 53 Abs. 4 SGB V,18940,Zu,1479,,316,1,0,1029,133
3,1,157,Versicherte mit Wahltarif nach § 53 Abs. 6 SGB V,18960,Zu,65059,11184,802,2528,,318,50227
3,1,158,Versicherte mit Wahltarif nach § 53 Abs. 7 SGB V,18970,Zu,12320,11476,0,724,113,2,5
3,1,159,Versicherte mit Wahltarifen nach § 53 SGB V,18999,Zu,18490458,8732632,1590939,1000344,164444,516613,6485486
3,1,160,Arbeitnehmer zum 1. des Vormonats,20099,Zu,33592477,11656438,5912340,2266993,21179,336120,13399407
3,1,161,,,NV,861703,259461,186979,30370,1261,5279,378353
3,1,162,,,KV,32730774,11396977,5725361,2236623,19918,330841,13021054
3,1,163,Arbeitnehmer zum KM1-Stichtag,20199,Zu,32989119,11455476,5801219,2222224,20647,329466,13160087
3,1,164,,,NV,838031,251574,182754,29845,1238,4975,367645
3,1,165,,,KV,32151088,11203902,5618465,2192379,19409,324491,12792442
3,1,166,"Mitglieder der Pflegekasse, die nicht GKV versichert sind",25010,Mä,30868,20638,1497,951,19,220,7543
3,1,167,,,Fr,9413,6126,528,207,6,82,2464
3,1,168,,,Zu,40281,26764,2025,1158,25,302,10007
3,1,169,"GKV-Mitglieder, die nicht pflegeversichert sind",25011,Mä,15408,8255,2533,1045,19,604,2952
3,1,170,,,Fr,24100,14925,3332,1323,4,1141,3375
3,1,171,,,Zu,39508,23180,5865,2368,23,1745,6327
3,1,172,"Mitglieder der Pflegekasse gesamt (Schl.-Nr. 10999, 25010 abzgl. 25011)",25099,Mä,28963469,10676362,4650527,2064867,236238,490458,10845017
3,1,173,,,Fr,29629492,10384776,4368524,1818032,150213,490478,12417469
3,1,174,,,Zu,58592961,21061138,9019051,3882899,386451,980936,23262486
3,1,175,davon beitragsfrei wegen - stationärer Pflegebedürftigkeit,25210,Mä,53,33,7,0,0,1,12
3,1,176,,,Fr,72,32,12,2,0,2,24
3,1,177,,,Zu,125,65,19,2,0,3,36
3,1,178,davon beitragsfrei wegen - sonstiger Gründe,25230,Mä,32751,7982,7008,3704,204,299,13554
3,1,179,,,Fr,422352,81512,97688,34592,191,2326,206043
3,1,180,,,Zu,455103,89494,104696,38296,395,2625,219597
3,1,181,"Pflegeversicherte Familienangehörige, die nicht als solche GKV-versichert sind",25250,Mä,78,22,18,2,10,,26
3,1,182,,,Fr,190,88,24,9,23,,46
3,1,183,,,Zu,268,110,42,11,33,,72
3,1,184,"GKV-versicherte Familienangehörige, die nicht als solche pflegeversichert sind",25270,Mä,1139,48,357,174,0,1,559
3,1,185,,,Fr,2672,150,1035,543,0,3,941
3,1,186,,,Zu,3811,198,1392,717,0,4,1500
3,1,187,"Mitversicherte Familienangehörige der Pflegekasse gesamt (Schl.-Nr. 11099, 25250 abzgl. 25270)",25299,Mä,6952345,2795418,1079287,427358,26389,68627,2555266
3,1,188,,,Fr,8667928,3489063,1383146,537059,58980,108713,3090967
3,1,189,,,Zu,15620273,6284481,2462433,964417,85369,177340,5646233
3,1,190,"Pflegeversicherte gesamt (Schl.-Nr. 25099, 25299)",25599,Mä,35915814,13471780,5729814,2492225,262627,559085,13400283
3,1,191,,,Fr,38297420,13873839,5751670,2355091,209193,599191,15508436
3,1,192,,,Zu,74213234,27345619,11481484,4847316,471820,1158276,28908719
3,1,193,Betreute Personen-Haushaltsvorstand,30010,Mä,115737,79677,5594,3404,2,964,26096
3,1,194,,,Fr,119519,81567,5603,3594,2,936,27817
3,1,195,,,Zu,235256,161244,11197,6998,4,1900,53913
3,1,196,Betreute Personen-Familienangehörige,30011,Mä,24731,15791,1327,881,0,348,6384
3,1,197,,,Fr,39547,25763,1906,1411,0,478,9989
3,1,198,,,Zu,64278,41554,3233,2292,0,826,16373
3,1,199,"Betreute Personen nach § 264 SGB V gesamt (Schl.-Nr. 30010, 30011)",30099,Mä,140468,95468,6921,4285,2,1312,32480
3,1,200,,,Fr,159066,107330,7509,5005,2,1414,37806
3,1,201,,,Zu,299534,202798,14430,9290,4,2726,70286
3,1,202,"nach § 264 Abs. 1 und 2 SGB V betreute Personen, mit Leistungen nach dem AsylbLG (aus Schl.-Nr. 30099)",31099,Mä,68545,42267,4931,2724,0,962,17661
3,1,203,,,Fr,51231,31936,3609,2131,0,717,12838
3,1,204,,,Zu,119776,74203,8540,4855,0,1679,30499
3,1,205,Versichertenzugänge durch Geburt,40100,Mä,18368,6644,3039,1124,37,138,7386
3,1,206,,,Fr,17630,6437,2761,1070,42,125,7195
3,1,207,,,Zu,35998,13081,5800,2194,79,263,14581
3,1,208,Versichertenzugänge Insgesamt,40999,Mä,426475,196029,60934,23295,573,4320,141324
3,1,209,,,Fr,371479,167057,53862,21000,461,3768,125331
3,1,210,,,Zu,797954,363086,114796,44295,1034,8088,266655
3,1,211,Versichertenabgänge durch Versterben,41100,Mä,34411,14237,4148,2317,450,1401,11858
3,1,212,,,Fr,37223,15544,3510,1762,393,1607,14407
3,1,213,,,Zu,71634,29781,7658,4079,843,3008,26265
3,1,214,Versichertenabgänge Insgesamt,41999,Mä,663964,279629,97528,44883,962,8662,232300
3,1,215,,,Fr,620940,241740,90815,40730,960,8213,238482
3,1,216,,,Zu,1284904,521369,188343,85613,1922,16875,470782
3,1,217,Beitragsfähige Einnahmen des Vorvormonats,50099,Zu,149981,46917,27878,9757,,1530,63899
3,1,218,Mitglieder unbestimmten Geschlechts gemäß § 22 Abs. 3 PStG,60999,Zu,6471,1160,1365,243,0,60,3643
3,1,219,Mitversicherte Familienangehörige unbestimmten Geschlechts gemäß § 22 Abs. 3 PStG,61999,Zu,1597,289,348,87,0,18,855
4,1,1,,,,,Monatsstatistik der Gesetzlichen Krankenversicherung,,,,,
4,1,2,,,,,"über Mitglieder, Versicherte und Kranke, Februar 2026",,,,,
4,1,3,,,,,Bund insgesamt,,,,,
4,1,4,Mitgliederstatistik KM1,,,,,,,,,
4,1,5,,,,Insgesamt,AOK,BKK,IKK,LKK,KBS,vdek
4,1,7,,,,Anzahl der Kassen,,,,,,
4,1,9,Kassen insgesamt,,,93,11,68,6,1,1,6
4,1,12,landesunmittelbar,,,34,11,21,2,,,
4,1,14,bundesunmittelbar,,,59,,47,4,1,1,6
4,1,16,regional geöffnet,,,38,11,24,3,,,
4,1,18,bundesweit geöffnet,,,34,,24,3,,1,6
4,1,20,nicht geöffnet,,,21,,20,,1,,
4,1,21,Pflichtmitglieder mit Entgeltfortzahlungsanspruch für mindestens 6 Wochen,10010,Mä,14461845,5732051,2398344,1124656,0,160986,5045808
4,1,22,,,Fr,14620671,5036134,2484425,973814,0,143943,5982355
4,1,23,,,Zu,29082516,10768185,4882769,2098470,0,304929,11028163
4,1,24,Pflichtmitglieder ohne Entgeltfortzahlungsanspruch für mindestens 6 Wochen,10011,Mä,6842,248,2220,606,0,8,3760
4,1,25,,,Fr,5539,664,1499,493,0,15,2868
4,1,26,,,Zu,12381,912,3719,1099,0,23,6628
4,1,27,Auszubildende mit Entgelt (aus Schl.-Nr. 10010),10015,Mä,885287,333386,161551,61695,0,8802,319853
4,1,28,,,Fr,663311,265552,106276,44539,0,6783,240161
4,1,29,,,Zu,1548598,598938,267827,106234,0,15585,560014
4,1,30,Saisonarbeitnehmer (aus Schl.-Nr. 10010 und 10011),10016,Mä,10369,4263,625,205,0,101,5175
4,1,31,,,Fr,6765,2830,520,85,0,33,3297
4,1,32,,,Zu,17134,7093,1145,290,0,134,8472
4,1,33,Arbeitslosengeldempfänger nach dem SGB III,10030,Mä,648339,276629,96010,49320,165,8069,218146
4,1,34,,,Fr,486997,182576,76087,32183,161,5536,190454
4,1,35,,,Zu,1135336,459205,172097,81503,326,13605,408600
4,1,36,Bürgergeld-Beziehende,10031,Mä,1523635,868131,135548,110632,290,23593,385441
4,1,37,,,Fr,1566140,925573,132807,97082,285,23494,386899
4,1,38,,,Zu,3089775,1793704,268355,207714,575,47087,772340
4,1,39,Landwirtschaftliche Unternehmer,10050,Mä,114907,,0,0,114907,,0
4,1,40,,,Fr,15740,,0,0,15740,,0
4,1,41,,,Zu,130647,,0,0,130647,,0
4,1,42,Mitarbeitende Familienangehörige,10051,Mä,10209,,0,0,10209,,0
4,1,43,,,Fr,6446,,0,0,6446,,0
4,1,44,,,Zu,16655,,0,0,16655,,0
4,1,45,"Versicherungspflichtige nach § 5 Abs. 1 Nr. 13 SGB V, § 2 Abs. 1 Nr. 7 KVLG 1989",10060,Mä,48349,22869,4927,4377,100,574,15502
4,1,46,,,Fr,28659,12007,3077,1793,66,300,11416
4,1,47,,,Zu,77008,34876,8004,6170,166,874,26918
4,1,48,Sonstige Pflichtmitglieder (ohne 10010 bis 10060 und 10090 bis 10170),10070,Mä,489929,200251,80729,33311,0,7586,168052
4,1,49,,,Fr,354153,131343,47596,22674,0,4541,147999
4,1,50,,,Zu,844082,331594,128325,55985,0,12127,316051
4,1,51,Versicherungspflichtige Beschäftigte mit Bezug einer Altersrente (aus Schl.-Nr. 10070),10071,Mä,119500,16748,23442,16785,0,706,61819
4,1,52,,,Fr,104761,13137,18958,10701,0,404,61561
4,1,53,,,Zu,224261,29885,42400,27486,0,1110,123380
4,1,54,"Studenten, Praktikanten, Auszubildende ohne Entgelt",10090,Mä,407633,77508,51080,12622,820,1684,263919
4,1,55,,,Fr,376199,79679,50429,12944,863,1669,230615
4,1,56,,,Zu,783832,157187,101509,25566,1683,3353,494534
4,1,57,Rehabilitanden,10110,Mä,21256,8626,2930,2100,97,416,7087
4,1,58,,,Fr,16483,6208,2356,1350,16,257,6296
4,1,59,,,Zu,37739,14834,5286,3450,113,673,13383
4,1,60,Selbständige Künstler und Publizisten,10130,Mä,77630,14830,9140,2430,,298,50932
4,1,61,,,Fr,72447,11218,9825,2171,,261,48972
4,1,62,,,Zu,150077,26048,18965,4601,,559,99904
4,1,63,Versicherungspflichtige Vorruhestandsgeldempfänger nach § 5 Abs. 3 SGB V/§ 2 Abs. 6 KVLG 1989,10150,Mä,1934,322,911,56,0,7,638
4,1,64,,,Fr,4254,523,1420,158,0,18,2135
4,1,65,,,Zu,6188,845,2331,214,0,25,2773
4,1,66,Freiwillig Wehrdienstleistende,10170,Mä,3657,1094,605,197,7,132,1622
4,1,67,,,Fr,674,209,96,30,0,15,324
4,1,68,,,Zu,4331,1303,701,227,7,147,1946
4,1,69,Pflichtmitglieder AKV gesamt (Schl.-Nr. 10010 bis 10170 ohne 10015 und 10016),10199,Mä,17816165,7202559,2782444,1340307,126595,203353,6160907
4,1,70,,,Fr,17554402,6386134,2809617,1144692,23577,180049,7010333
4,1,71,,,Zu,35370567,13588693,5592061,2484999,150172,383402,13171240
4,1,72,Freiwillige Mitglieder mit Anspruch auf  Krankengeld nach Ablauf von 6 Wochen,10210,Mä,2501913,405833,594675,104242,622,15753,1380788
4,1,73,,,Fr,899673,138349,185058,36419,42,4310,535495
4,1,74,,,Zu,3401586,544182,779733,140661,664,20063,1916283
4,1,75,Freiwillige Mitglieder ohne Anspruch auf Krankengeld,10212,Mä,1659076,574126,211971,112981,13127,21095,725776
4,1,76,,,Fr,1125887,359945,153963,61752,6642,12840,530745
4,1,77,,,Zu,2784963,934071,365934,174733,19769,33935,1256521
4,1,78,Freiwillige Mitglieder - Arbeitnehmer - aus den Schl.-Nrn. 10210 und 10212,10217,Mä,2308705,347638,573182,81121,1311,14826,1290627
4,1,79,,,Fr,788435,112049,169831,26855,253,3754,475693
4,1,80,,,Zu,3097140,459687,743013,107976,1564,18580,1766320
4,1,81,Freiwillige Mitglieder - hauptberuflich Selbständige - aus den Sch.-Nrn. 10210 und 10212,10218,Mä,965504,309602,124196,84875,8890,7382,430559
4,1,82,,,Fr,531995,140976,82041,36731,2823,3781,265643
4,1,83,,,Zu,1497499,450578,206237,121606,11713,11163,696202
4,1,84,Freiwillige Mitglieder -Rentner- aus den Schl.-Nrn. 10210 bis 10212,10219,Mä,216613,93165,22405,12321,335,5371,83016
4,1,85,,,Fr,147274,60525,14453,6603,265,3031,62397
4,1,86,,,Zu,363887,153690,36858,18924,600,8402,145413
4,1,87,Freiwillige Mitglieder - ohne Mitwirkung bei der Begründung der Mitgliedschaft und Beitragseinstufung zum Höchstbetrag,10221,Mä,154461,61697,16915,8698,0,3708,63443
4,1,88,,,Fr,85354,34730,9234,4719,0,2396,34275
4,1,89,,,Zu,239815,96427,26149,13417,0,6104,97718
4,1,90,Freiwillige Mitglieder - Beamte - aus der Schl.-Nr. 10212,10222,Mä,45057,16787,5280,1751,0,41,21198
4,1,91,,,Fr,56562,14400,6369,1949,0,69,33775
4,1,92,,,Zu,101619,31187,11649,3700,0,110,54973
4,1,93,Vorruhestandsgeldempfänger mit Beitragszuschuß nach § 257 Abs. 3 SGB V,10230,Mä,1494,18,576,41,0,,859
4,1,94,,,Fr,561,8,115,21,0,,417
4,1,95,,,Zu,2055,26,691,62,0,,1276
4,1,96,Freiwillige Mitglieder mit Auslandsaufenthalt (§ 240 Abs. 4b SGB V),10270,Mä,18740,3138,4811,590,5,140,10056
4,1,97,,,Fr,8924,1448,1718,229,1,43,5485
4,1,98,,,Zu,27664,4586,6529,819,6,183,15541
4,1,99,Freiwillige Mitglieder AKV gesamt (Schl.-Nr. 10210 bis 10270 ohne 10217 bis 10221),10299,Mä,4181223,983115,812033,217854,13754,36988,2117479
4,1,100,,,Fr,2035045,499750,340854,98421,6685,17193,1072142
4,1,101,,,Zu,6216268,1482865,1152887,316275,20439,54181,3189621
4,1,102,"Mitglieder AKV gesamt (Schl.-Nr. 10199, 10299)",10399,Mä,21997388,8185674,3594477,1558161,140349,240341,8278386
4,1,103,,,Fr,19589447,6885884,3150471,1243113,30262,197242,8082475
4,1,104,,,Zu,41586835,15071558,6744948,2801274,170611,437583,16360861
4,1,105,Rentner und Rentenantragsteller,10499,Mä,6886198,2471549,1069238,508587,0,247310,2589514
4,1,106,,,Fr,10018549,3517156,1241230,580768,0,291957,4387438
4,1,107,,,Zu,16904747,5988705,2310468,1089355,0,539267,6976952
4,1,108,Altenteiler und sonstige Versicherte der landwirtschaftlichen Krankenkassen,10599,Mä,94656,0,0,0,94656,0,0
4,1,109,,,Fr,119024,0,0,0,119024,0,0
4,1,110,,,Zu,213680,0,0,0,213680,0,0
4,1,111,"Mitglieder KVdR gesamt (Schl.-Nr. 10499,10599)",10599A,Mä,6980854,2471549,1069238,508587,94656,247310,2589514
4,1,112,,,Fr,10137573,3517156,1241230,580768,119024,291957,4387438
4,1,113,,,Zu,17118427,5988705,2310468,1089355,213680,539267,6976952
4,1,114,"Mitglieder gesamt (Schl.-Nr. 10399, 10499, 10599)",10999,Mä,28978242,10657223,4663715,2066748,235005,487651,10867900
4,1,115,,,Fr,29727020,10403040,4391701,1823881,149286,489199,12469913
4,1,116,,,Zu,58705262,21060263,9055416,3890629,384291,976850,23337813
4,1,117,Mitversicherte Familienangehörige der AKV (der Schl.-Nr. 10399),11010,Mä,6863483,2754145,1069525,420830,25978,65956,2527049
4,1,118,,,Fr,8278151,3349584,1308718,512554,55482,85799,2966014
4,1,119,,,Zu,15141634,6103729,2378243,933384,81460,151755,5493063
4,1,120,Mitversicherte Kinder nach  § 10 Abs. 2 und 4 SGB V   aus   Schlnr. 11010,11015,Mä,6604073,2643096,1038877,407632,24704,63774,2425990
4,1,121,,,Fr,6469602,2568952,1026149,403664,25552,62383,2382902
4,1,122,,,Zu,13073675,5212048,2065026,811296,50256,126157,4808892
4,1,123,"Mitversicherte Familienangehörige der KVdR und der Altenteiler (der Schl.-Nr. 10499, 10599)",11030,Mä,148950,63006,19447,9229,451,2698,54119
4,1,124,,,Fr,446967,160491,84079,27004,3256,22768,149369
4,1,125,,,Zu,595917,223497,103526,36233,3707,25466,203488
4,1,126,Mitversicherte Kinder nach  § 10 Abs. 2 und 4 SGB V   aus   Schlnr. 11030,11035,Mä,102539,40554,15182,6998,404,2275,37126
4,1,127,,,Fr,100744,39190,15266,6835,384,2236,36833
4,1,128,,,Zu,203283,79744,30448,13833,788,4511,73959
4,1,129,"Mitversicherte Familienangehörige gesamt (Schl.-Nr. 11010, 11030)",11099,Mä,7012433,2817151,1088972,430059,26429,68654,2581168
4,1,130,,,Fr,8725118,3510075,1392797,539558,58738,108567,3115383
4,1,131,,,Zu,15737551,6327226,2481769,969617,85167,177221,5696551
4,1,132,"Versicherte AKV gesamt (Schl.-Nr. 10399, 11010)",12010,Mä,28860871,10939819,4664002,1978991,166327,306297,10805435
4,1,133,,,Fr,27867598,10235468,4459189,1755667,85744,283041,11048489
4,1,134,,,Zu,56728469,21175287,9123191,3734658,252071,589338,21853924
4,1,135,"Versicherte KVdR und Altenteiler gesamt (Schl.-Nr. 10499, 10599, 11030)",12030,Mä,7129804,2534555,1088685,517816,95107,250008,2643633
4,1,136,,,Fr,10584540,3677647,1325309,607772,122280,314725,4536807
4,1,137,,,Zu,17714344,6212202,2413994,1125588,217387,564733,7180440
4,1,138,"Versicherte gesamt (Schl.-Nr. 12010, 12030)",12099,Mä,35990675,13474374,5752687,2496807,261434,556305,13449068
4,1,139,,,Fr,38452138,13913115,5784498,2363439,208024,597766,15585296
4,1,140,,,Zu,74442813,27387489,11537185,4860246,469458,1154071,29034364
4,1,141,Krankengeldberechtigte Mitglieder (aus Schl.-Nr. 10399),15000,Mä,17789755,6476641,3109239,1288311,11060,187168,6717336
4,1,142,,,Fr,16156330,5402275,2763532,1049956,6639,155509,6778419
4,1,143,,,Zu,33946085,11878916,5872771,2338267,17699,342677,13495755
4,1,144,"Arbeitsunfähige, krankengeldberechtigte Mitglieder (aus Schl.-Nr. 15000)",15010,Mä,938155,360599,172209,92467,219,13721,298940
4,1,145,,,Fr,996787,350046,174763,78624,173,12823,380358
4,1,146,,,Zu,1934942,710645,346972,171091,392,26544,679298
4,1,147,"Krankenstand der arbeitsunfähigen, krankengeldberechtigten Mitglieder (Schlnr. 15010 in v.H. Schl.-Nr. 15000)",15030,Mä,5.27,5.6,5.55,7.18,1.98,7.33,4.45
4,1,148,,,Fr,6.17,6.51,6.33,7.49,2.61,8.25,5.61
4,1,149,,,Zu,5.7,6.02,5.92,7.32,2.21,7.75,5.03
4,1,150,Zusatzbeitrag nach § 242 Absatz 1 SGB V,16060,BM,3.13,2.99,3.45,3.5,,4.3,3.02
4,1,151,"Mitglieder, für die der allgemeine Beitragssatz gilt (§ 241 SGB V)",16100,Zu,51604918,17996270,8293454,3460690,,883847,20970657
4,1,152,"Mitglieder, für die der ermäßigte Beitragssatz gilt (§ 243 SGB V)",16110,Zu,6716053,3063993,761962,429939,,93003,2367156
4,1,153,Versicherte mit Wahltarif nach § 53 Abs. 1 SGB V,18910,Zu,513122,264326,41360,15771,0,41,191624
4,1,154,Versicherte mit Wahltarif nach § 53 Abs. 2 SGB V,18920,Zu,147719,,37237,27020,12614,24,70824
4,1,155,Versicherte mit Wahltarif nach § 53 Abs. 3 SGB V,18930,Zu,17919595,8519179,1582467,969977,153784,513898,6180290
4,1,156,Versicherte mit Wahltarif nach § 53 Abs. 4 SGB V,18940,Zu,1493,,321,1,0,1039,132
4,1,157,Versicherte mit Wahltarif nach § 53 Abs. 6 SGB V,18960,Zu,64886,11238,800,2523,,319,50006
4,1,158,Versicherte mit Wahltarif nach § 53 Abs. 7 SGB V,18970,Zu,12282,11444,0,720,111,2,5
4,1,159,Versicherte mit Wahltarifen nach § 53 SGB V,18999,Zu,18500109,8731538,1650044,1005640,164104,515058,6433725
4,1,160,Arbeitnehmer zum 1. des Vormonats,20099,Zu,33167580,11471279,5848882,2234223,20647,330290,13262259
4,1,161,,,NV,850900,256176,185006,30135,1238,5205,373140
4,1,162,,,KV,32316680,11215103,5663876,2204088,19409,325085,12889119
4,1,163,Arbeitnehmer zum KM1-Stichtag,20199,Zu,33016536,11425040,5818493,2222652,20665,327243,13202443
4,1,164,,,NV,843653,253608,183806,30001,1198,5043,369997
4,1,165,,,KV,32172883,11171432,5634687,2192651,19467,322200,12832446
4,1,166,"Mitglieder der Pflegekasse, die nicht GKV versichert sind",25010,Mä,30756,20555,1496,950,19,224,7512
4,1,167,,,Fr,9433,6159,530,205,6,80,2453
4,1,168,,,Zu,40189,26714,2026,1155,25,304,9965
4,1,169,"GKV-Mitglieder, die nicht pflegeversichert sind",25011,Mä,15142,8180,2530,1034,19,606,2773
4,1,170,,,Fr,23834,14880,3325,1314,4,1137,3174
4,1,171,,,Zu,38976,23060,5855,2348,23,1743,5947
4,1,172,"Mitglieder der Pflegekasse gesamt (Schl.-Nr. 10999, 25010 abzgl. 25011)",25099,Mä,28993856,10669598,4662681,2066664,235005,487269,10872639
4,1,173,,,Fr,29712619,10394319,4388906,1822772,149288,488142,12469192
4,1,174,,,Zu,58706475,21063917,9051587,3889436,384293,975411,23341831
4,1,175,davon beitragsfrei wegen - stationärer Pflegebedürftigkeit,25210,Mä,53,33,7,0,0,1,12
4,1,176,,,Fr,69,32,11,1,0,2,23
4,1,177,,,Zu,122,65,18,1,0,3,35
4,1,178,davon beitragsfrei wegen - sonstiger Gründe,25230,Mä,34496,7987,7121,3578,217,303,15290
4,1,179,,,Fr,419249,82123,97405,33993,188,2266,203274
4,1,180,,,Zu,453745,90110,104526,37571,405,2569,218564
4,1,181,"Pflegeversicherte Familienangehörige, die nicht als solche GKV-versichert sind",25250,Mä,76,23,19,2,13,,19
4,1,182,,,Fr,179,83,24,9,27,,36
4,1,183,,,Zu,255,106,43,11,40,,55
4,1,184,"GKV-versicherte Familienangehörige, die nicht als solche pflegeversichert sind",25270,Mä,1001,47,350,177,0,1,426
4,1,185,,,Fr,2482,149,1045,532,0,3,753
4,1,186,,,Zu,3483,196,1395,709,0,4,1179
4,1,187,"Mitversicherte Familienangehörige der Pflegekasse gesamt (Schl.-Nr. 11099, 25250 abzgl. 25270)",25299,Mä,7011508,2817127,1088641,429884,26442,68653,2580761
4,1,188,,,Fr,8722815,3510009,1391776,539035,58765,108564,3114666
4,1,189,,,Zu,15734323,6327136,2480417,968919,85207,177217,5695427
4,1,190,"Pflegeversicherte gesamt (Schl.-Nr. 25099, 25299)",25599,Mä,36005364,13486725,5751322,2496548,261447,555922,13453400
4,1,191,,,Fr,38435434,13904328,5780682,2361807,208053,596706,15583858
4,1,192,,,Zu,74440798,27391053,11532004,4858355,469500,1152628,29037258
4,1,193,Betreute Personen-Haushaltsvorstand,30010,Mä,115678,79522,5634,3385,2,951,26184
4,1,194,,,Fr,120118,81937,5629,3561,2,942,28047
4,1,195,,,Zu,235796,161459,11263,6946,4,1893,54231
4,1,196,Betreute Personen-Familienangehörige,30011,Mä,24639,15854,1359,852,0,342,6232
4,1,197,,,Fr,39372,25816,1974,1373,0,469,9740
4,1,198,,,Zu,64011,41670,3333,2225,0,811,15972
4,1,199,"Betreute Personen nach § 264 SGB V gesamt (Schl.-Nr. 30010, 30011)",30099,Mä,140317,95376,6993,4237,2,1293,32416
4,1,200,,,Fr,159490,107753,7603,4934,2,1411,37787
4,1,201,,,Zu,299807,203129,14596,9171,4,2704,70203
4,1,202,"nach § 264 Abs. 1 und 2 SGB V betreute Personen, mit Leistungen nach dem AsylbLG (aus Schl.-Nr. 30099)",31099,Mä,68493,42300,4991,2675,0,942,17585
4,1,203,,,Fr,51175,32006,3667,2056,0,705,12741
4,1,204,,,Zu,119668,74306,8658,4731,0,1647,30326
4,1,205,Versichertenzugänge durch Geburt,40100,Mä,24627,9113,4128,1480,52,161,9693
4,1,206,,,Fr,23385,8572,3978,1396,51,156,9232
4,1,207,,,Zu,48012,17685,8106,2876,103,317,18925
4,1,208,Versichertenzugänge Insgesamt,40999,Mä,661525,272047,96685,40222,728,5852,245991
4,1,209,,,Fr,621292,239781,92097,37160,623,5363,246268
4,1,210,,,Zu,1282817,511828,188782,77382,1351,11215,492259
4,1,211,Versichertenabgänge durch Versterben,41100,Mä,46046,18653,5929,3100,1101,1867,15396
4,1,212,,,Fr,49836,20860,4993,2266,1006,2053,18658
4,1,213,,,Zu,95882,39513,10922,5366,2107,3920,34054
4,1,214,Versichertenabgänge Insgesamt,41999,Mä,566377,257211,75153,35910,1910,9017,187176
4,1,215,,,Fr,476671,209251,63088,30458,1768,7850,164256
4,1,216,,,Zu,1043048,466462,138241,66368,3678,16867,351432
4,1,217,Beitragsfähige Einnahmen des Vorvormonats,50099,Zu,126900,39378,23222,8253,,1246,54801
4,1,218,Mitglieder unbestimmten Geschlechts gemäß § 22 Abs. 3 PStG,60999,Zu,6713,1185,1415,249,0,59,3805
4,1,219,Mitversicherte Familienangehörige unbestimmten Geschlechts gemäß § 22 Abs. 3 PStG,61999,Zu,1673,307,362,91,0,20,893
5,1,1,,,,,Monatsstatistik der Gesetzlichen Krankenversicherung,,,,,
5,1,2,,,,,"über Mitglieder, Versicherte und Kranke, März 2026",,,,,
5,1,3,,,,,Bund insgesamt,,,,,
5,1,4,Mitgliederstatistik KM1,,,,,,,,,
5,1,5,,,,Insgesamt,AOK,BKK,IKK,LKK,KBS,vdek
5,1,7,,,,Anzahl der Kassen,,,,,,
5,1,9,Kassen insgesamt,,,93,11,68,6,1,1,6
5,1,12,landesunmittelbar,,,34,11,21,2,,,
5,1,14,bundesunmittelbar,,,59,,47,4,1,1,6
5,1,16,regional geöffnet,,,38,11,24,3,,,
5,1,18,bundesweit geöffnet,,,34,,24,3,,1,6
5,1,20,nicht geöffnet,,,21,,20,,1,,
5,1,21,Pflichtmitglieder mit Entgeltfortzahlungsanspruch für mindestens 6 Wochen,10010,Mä,14470438,5734240,2402784,1120992,0,160230,5052192
5,1,22,,,Fr,14617410,5035849,2483421,970849,0,143213,5984078
5,1,23,,,Zu,29087848,10770089,4886205,2091841,0,303443,11036270
5,1,24,Pflichtmitglieder ohne Entgeltfortzahlungsanspruch für mindestens 6 Wochen,10011,Mä,6271,251,2172,569,0,7,3272
5,1,25,,,Fr,5494,666,1482,466,0,15,2865
5,1,26,,,Zu,11765,917,3654,1035,0,22,6137
5,1,27,Auszubildende mit Entgelt (aus Schl.-Nr. 10010),10015,Mä,840445,315963,152847,58147,0,8205,305283
5,1,28,,,Fr,644556,257714,102897,43171,0,6571,234203
5,1,29,,,Zu,1485001,573677,255744,101318,0,14776,539486
5,1,30,Saisonarbeitnehmer (aus Schl.-Nr. 10010 und 10011),10016,Mä,12478,5397,743,355,0,107,5876
5,1,31,,,Fr,7351,3105,580,120,0,32,3514
5,1,32,,,Zu,19829,8502,1323,475,0,139,9390
5,1,33,Arbeitslosengeldempfänger nach dem SGB III,10030,Mä,653479,278074,96857,49656,163,8092,220637
5,1,34,,,Fr,488864,182958,76499,32353,147,5545,191362
5,1,35,,,Zu,1142343,461032,173356,82009,310,13637,411999
5,1,36,Bürgergeld-Beziehende,10031,Mä,1528634,870754,136310,111053,294,23560,386663
5,1,37,,,Fr,1566468,925837,133400,96837,284,23391,386719
5,1,38,,,Zu,3095102,1796591,269710,207890,578,46951,773382
5,1,39,Landwirtschaftliche Unternehmer,10050,Mä,114749,,0,0,114749,,0
5,1,40,,,Fr,15736,,0,0,15736,,0
5,1,41,,,Zu,130485,,0,0,130485,,0
5,1,42,Mitarbeitende Familienangehörige,10051,Mä,10213,,0,0,10213,,0
5,1,43,,,Fr,6461,,0,0,6461,,0
5,1,44,,,Zu,16674,,0,0,16674,,0
5,1,45,"Versicherungspflichtige nach § 5 Abs. 1 Nr. 13 SGB V, § 2 Abs. 1 Nr. 7 KVLG 1989",10060,Mä,48213,22816,4920,4345,100,570,15462
5,1,46,,,Fr,28556,11938,3059,1770,66,298,11425
5,1,47,,,Zu,76769,34754,7979,6115,166,868,26887
5,1,48,Sonstige Pflichtmitglieder (ohne 10010 bis 10060 und 10090 bis 10170),10070,Mä,494976,201588,81456,33733,0,7901,170298
5,1,49,,,Fr,359092,132589,48266,23044,0,4783,150410
5,1,50,,,Zu,854068,334177,129722,56777,0,12684,320708
5,1,51,Versicherungspflichtige Beschäftigte mit Bezug einer Altersrente (aus Schl.-Nr. 10070),10071,Mä,122459,16986,24168,17249,0,708,63348
5,1,52,,,Fr,107703,13440,19614,11103,0,409,63137
5,1,53,,,Zu,230162,30426,43782,28352,0,1117,126485
5,1,54,"Studenten, Praktikanten, Auszubildende ohne Entgelt",10090,Mä,405474,76737,50864,12473,799,1641,262960
5,1,55,,,Fr,373548,79042,50256,12905,868,1655,228822
5,1,56,,,Zu,779022,155779,101120,25378,1667,3296,491782
5,1,57,Rehabilitanden,10110,Mä,21215,8540,2929,2079,112,396,7159
5,1,58,,,Fr,16500,6173,2385,1349,19,268,6306
5,1,59,,,Zu,37715,14713,5314,3428,131,664,13465
5,1,60,Selbständige Künstler und Publizisten,10130,Mä,77486,14757,9112,2414,,296,50907
5,1,61,,,Fr,72384,11197,9815,2157,,261,48954
5,1,62,,,Zu,149870,25954,18927,4571,,557,99861
5,1,63,Versicherungspflichtige Vorruhestandsgeldempfänger nach § 5 Abs. 3 SGB V/§ 2 Abs. 6 KVLG 1989,10150,Mä,1898,318,888,54,0,8,630
5,1,64,,,Fr,4254,519,1412,161,0,20,2142
5,1,65,,,Zu,6152,837,2300,215,0,28,2772
5,1,66,Freiwillig Wehrdienstleistende,10170,Mä,3940,1143,637,226,6,128,1800
5,1,67,,,Fr,701,220,102,32,0,15,332
5,1,68,,,Zu,4641,1363,739,258,6,143,2132
5,1,69,Pflichtmitglieder AKV gesamt (Schl.-Nr. 10010 bis 10170 ohne 10015 und 10016),10199,Mä,17836986,7209218,2788929,1337594,126436,202829,6171980
5,1,70,,,Fr,17555468,6386988,2810097,1141923,23581,179464,7013415
5,1,71,,,Zu,35392454,13596206,5599026,2479517,150017,382293,13185395
5,1,72,Freiwillige Mitglieder mit Anspruch auf  Krankengeld nach Ablauf von 6 Wochen,10210,Mä,2495440,405307,591273,103980,620,15601,1378659
5,1,73,,,Fr,901493,138920,185043,36498,42,4312,536678
5,1,74,,,Zu,3396933,544227,776316,140478,662,19913,1915337
5,1,75,Freiwillige Mitglieder ohne Anspruch auf Krankengeld,10212,Mä,1657277,574028,212259,112761,13043,20937,724249
5,1,76,,,Fr,1123558,359454,153171,61569,6595,12679,530090
5,1,77,,,Zu,2780835,933482,365430,174330,19638,33616,1254339
5,1,78,Freiwillige Mitglieder - Arbeitnehmer - aus den Schl.-Nrn. 10210 und 10212,10217,Mä,2303456,347173,569878,81896,1307,14680,1288522
5,1,79,,,Fr,790686,112607,169839,27569,249,3761,476661
5,1,80,,,Zu,3094142,459780,739717,109465,1556,18441,1765183
5,1,81,Freiwillige Mitglieder - hauptberuflich Selbständige - aus den Sch.-Nrn. 10210 und 10212,10218,Mä,964591,309402,124551,84637,8839,7324,429838
5,1,82,,,Fr,531978,140950,82302,36667,2799,3773,265487
5,1,83,,,Zu,1496569,450352,206853,121304,11638,11097,695325
5,1,84,Freiwillige Mitglieder -Rentner- aus den Schl.-Nrn. 10210 bis 10212,10219,Mä,216209,92890,22453,12282,330,5347,82907
5,1,85,,,Fr,146930,60300,14463,6575,270,3021,62301
5,1,86,,,Zu,363139,153190,36916,18857,600,8368,145208
5,1,87,Freiwillige Mitglieder - ohne Mitwirkung bei der Begründung der Mitgliedschaft und Beitragseinstufung zum Höchstbetrag,10221,Mä,153086,61257,17500,8649,0,3616,62064
5,1,88,,,Fr,85327,34253,10024,4652,0,2268,34130
5,1,89,,,Zu,238413,95510,27524,13301,0,5884,96194
5,1,90,Freiwillige Mitglieder - Beamte - aus der Schl.-Nr. 10212,10222,Mä,44967,16705,5331,1742,0,42,21147
5,1,91,,,Fr,56664,14406,6398,1953,0,69,33838
5,1,92,,,Zu,101631,31111,11729,3695,0,111,54985
5,1,93,Vorruhestandsgeldempfänger mit Beitragszuschuß nach § 257 Abs. 3 SGB V,10230,Mä,1660,17,738,41,0,,864
5,1,94,,,Fr,576,8,124,21,0,,423
5,1,95,,,Zu,2236,25,862,62,0,,1287
5,1,96,Freiwillige Mitglieder mit Auslandsaufenthalt (§ 240 Abs. 4b SGB V),10270,Mä,18822,3188,4798,590,5,137,10104
5,1,97,,,Fr,8960,1469,1721,226,1,45,5498
5,1,98,,,Zu,27782,4657,6519,816,6,182,15602
5,1,99,Freiwillige Mitglieder AKV gesamt (Schl.-Nr. 10210 bis 10270 ohne 10217 bis 10221),10299,Mä,4173199,982540,809068,217372,13668,36675,2113876
5,1,100,,,Fr,2034587,499851,340059,98314,6638,17036,1072689
5,1,101,,,Zu,6207786,1482391,1149127,315686,20306,53711,3186565
5,1,102,"Mitglieder AKV gesamt (Schl.-Nr. 10199, 10299)",10399,Mä,22010185,8191758,3597997,1554966,140104,239504,8285856
5,1,103,,,Fr,19590055,6886839,3150156,1240237,30219,196500,8086104
5,1,104,,,Zu,41600240,15078597,6748153,2795203,170323,436004,16371960
5,1,105,Rentner und Rentenantragsteller,10499,Mä,6884638,2470061,1070630,508841,0,246285,2588821
5,1,106,,,Fr,10016789,3513858,1243732,581330,0,290992,4386877
5,1,107,,,Zu,16901427,5983919,2314362,1090171,0,537277,6975698
5,1,108,Altenteiler und sonstige Versicherte der landwirtschaftlichen Krankenkassen,10599,Mä,94321,0,0,0,94321,0,0
5,1,109,,,Fr,118612,0,0,0,118612,0,0
5,1,110,,,Zu,212933,0,0,0,212933,0,0
5,1,111,"Mitglieder KVdR gesamt (Schl.-Nr. 10499,10599)",10599A,Mä,6978959,2470061,1070630,508841,94321,246285,2588821
5,1,112,,,Fr,10135401,3513858,1243732,581330,118612,290992,4386877
5,1,113,,,Zu,17114360,5983919,2314362,1090171,212933,537277,6975698
5,1,114,"Mitglieder gesamt (Schl.-Nr. 10399, 10499, 10599)",10999,Mä,28989144,10661819,4668627,2063807,234425,485789,10874677
5,1,115,,,Fr,29725456,10400697,4393888,1821567,148831,487492,12472981
5,1,116,,,Zu,58714600,21062516,9062515,3885374,383256,973281,23347658
5,1,117,Mitversicherte Familienangehörige der AKV (der Schl.-Nr. 10399),11010,Mä,6886697,2763870,1073833,421021,25999,66007,2535967
5,1,118,,,Fr,8298519,3360623,1311825,512080,55274,85726,2972991
5,1,119,,,Zu,15185216,6124493,2385658,933101,81273,151733,5508958
5,1,120,Mitversicherte Kinder nach  § 10 Abs. 2 und 4 SGB V   aus   Schlnr. 11010,11015,Mä,6626927,2652549,1043260,407867,24734,63794,2434723
5,1,121,,,Fr,6489468,2578403,1029431,403623,25540,62371,2390100
5,1,122,,,Zu,13116395,5230952,2072691,811490,50274,126165,4824823
5,1,123,"Mitversicherte Familienangehörige der KVdR und der Altenteiler (der Schl.-Nr. 10499, 10599)",11030,Mä,149500,63179,19544,9282,448,2699,54348
5,1,124,,,Fr,445928,160354,83865,27004,3240,22540,148925
5,1,125,,,Zu,595428,223533,103409,36286,3688,25239,203273
5,1,126,Mitversicherte Kinder nach  § 10 Abs. 2 und 4 SGB V   aus   Schlnr. 11030,11035,Mä,102990,40720,15250,7045,400,2275,37300
5,1,127,,,Fr,101201,39432,15331,6859,384,2221,36974
5,1,128,,,Zu,204191,80152,30581,13904,784,4496,74274
5,1,129,"Mitversicherte Familienangehörige gesamt (Schl.-Nr. 11010, 11030)",11099,Mä,7036197,2827049,1093377,430303,26447,68706,2590315
5,1,130,,,Fr,8744447,3520977,1395690,539084,58514,108266,3121916
5,1,131,,,Zu,15780644,6348026,2489067,969387,84961,176972,5712231
5,1,132,"Versicherte AKV gesamt (Schl.-Nr. 10399, 11010)",12010,Mä,28896882,10955628,4671830,1975987,166103,305511,10821823
5,1,133,,,Fr,27888574,10247462,4461981,1752317,85493,282226,11059095
5,1,134,,,Zu,56785456,21203090,9133811,3728304,251596,587737,21880918
5,1,135,"Versicherte KVdR und Altenteiler gesamt (Schl.-Nr. 10499, 10599, 11030)",12030,Mä,7128459,2533240,1090174,518123,94769,248984,2643169
5,1,136,,,Fr,10581329,3674212,1327597,608334,121852,313532,4535802
5,1,137,,,Zu,17709788,6207452,2417771,1126457,216621,562516,7178971
5,1,138,"Versicherte gesamt (Schl.-Nr. 12010, 12030)",12099,Mä,36025341,13488868,5762004,2494110,260872,554495,13464992
5,1,139,,,Fr,38469903,13921674,5789578,2360651,207345,595758,15594897
5,1,140,,,Zu,74495244,27410542,11551582,4854761,468217,1150253,29059889
5,1,141,Krankengeldberechtigte Mitglieder (aus Schl.-Nr. 10399),15000,Mä,17797938,6479795,3111040,1284617,11046,186442,6724998
5,1,142,,,Fr,16157495,5403065,2762931,1047190,6638,154910,6782761
5,1,143,,,Zu,33955433,11882860,5873971,2331807,17684,341352,13507759
5,1,144,"Arbeitsunfähige, krankengeldberechtigte Mitglieder (aus Schl.-Nr. 15000)",15010,Mä,890109,340773,163969,87966,214,13313,283874
5,1,145,,,Fr,943384,327426,166278,74664,183,12153,362680
5,1,146,,,Zu,1833493,668199,330247,162630,397,25466,646554
5,1,147,"Krankenstand der arbeitsunfähigen, krankengeldberechtigten Mitglieder (Schlnr. 15010 in v.H. Schl.-Nr. 15000)",15030,Mä,5,5.29,5.28,6.85,1.94,7.14,4.22
5,1,148,,,Fr,5.84,6.09,6.03,7.13,2.76,7.85,5.35
5,1,149,,,Zu,5.4,5.65,5.63,6.98,2.24,7.46,4.79
5,1,150,Zusatzbeitrag nach § 242 Absatz 1 SGB V,16060,BM,3.13,2.99,3.45,3.5,,4.3,3.02
5,1,151,"Mitglieder, für die der allgemeine Beitragssatz gilt (§ 241 SGB V)",16100,Zu,51605777,17994619,8298186,3454769,,880461,20977742
5,1,152,"Mitglieder, für die der ermäßigte Beitragssatz gilt (§ 243 SGB V)",16110,Zu,6725567,3067897,764329,430605,,92820,2369916
5,1,153,Versicherte mit Wahltarif nach § 53 Abs. 1 SGB V,18910,Zu,517121,264537,41694,16801,0,41,194048
5,1,154,Versicherte mit Wahltarif nach § 53 Abs. 2 SGB V,18920,Zu,147562,,37165,26854,12606,24,70913
5,1,155,Versicherte mit Wahltarif nach § 53 Abs. 3 SGB V,18930,Zu,17866911,8496519,1578936,964417,153405,509280,6164354
5,1,156,Versicherte mit Wahltarif nach § 53 Abs. 4 SGB V,18940,Zu,1523,,338,1,0,1050,134
5,1,157,Versicherte mit Wahltarif nach § 53 Abs. 6 SGB V,18960,Zu,64836,11261,799,2495,,320,49961
5,1,158,Versicherte mit Wahltarif nach § 53 Abs. 7 SGB V,18970,Zu,12247,11412,0,717,111,2,5
5,1,159,Versicherte mit Wahltarifen nach § 53 SGB V,18999,Zu,18450611,8708957,1646677,1000950,163712,510460,6419855
5,1,160,Arbeitnehmer zum 1. des Vormonats,20099,Zu,33192535,11480572,5848595,2230168,20665,328672,13283863
5,1,161,,,NV,853749,255973,185785,30180,1198,5182,375431
5,1,162,,,KV,32338786,11224599,5662810,2199988,19467,323490,12908432
5,1,163,Arbeitnehmer zum KM1-Stichtag,20199,Zu,33010051,11426294,5808178,2216040,20728,325621,13213190
5,1,164,,,NV,844728,252854,183800,30039,1201,5017,371817
5,1,165,,,KV,32165323,11173440,5624378,2186001,19527,320604,12841373
5,1,166,"Mitglieder der Pflegekasse, die nicht GKV versichert sind",25010,Mä,30627,20443,1495,950,19,226,7494
5,1,167,,,Fr,9436,6162,529,206,6,83,2450
5,1,168,,,Zu,40063,26605,2024,1156,25,309,9944
5,1,169,"GKV-Mitglieder, die nicht pflegeversichert sind",25011,Mä,15008,8124,2501,1031,19,600,2733
5,1,170,,,Fr,23768,14839,3321,1306,5,1127,3170
5,1,171,,,Zu,38776,22963,5822,2337,24,1727,5903
5,1,172,"Mitglieder der Pflegekasse gesamt (Schl.-Nr. 10999, 25010 abzgl. 25011)",25099,Mä,29004763,10674138,4667621,2063726,234425,485415,10879438
5,1,173,,,Fr,29711124,10392020,4391096,1820467,148832,486448,12472261
5,1,174,,,Zu,58715887,21066158,9058717,3884193,383257,971863,23351699
5,1,175,davon beitragsfrei wegen - stationärer Pflegebedürftigkeit,25210,Mä,51,33,7,0,0,1,10
5,1,176,,,Fr,69,32,11,1,0,2,23
5,1,177,,,Zu,120,65,18,1,0,3,33
5,1,178,davon beitragsfrei wegen - sonstiger Gründe,25230,Mä,35010,7910,7334,3589,214,271,15692
5,1,179,,,Fr,418660,82688,96584,33903,199,2343,202943
5,1,180,,,Zu,453670,90598,103918,37492,413,2614,218635
5,1,181,"Pflegeversicherte Familienangehörige, die nicht als solche GKV-versichert sind",25250,Mä,79,24,18,2,14,,21
5,1,182,,,Fr,173,83,25,9,19,,37
5,1,183,,,Zu,252,107,43,11,33,,58
5,1,184,"GKV-versicherte Familienangehörige, die nicht als solche pflegeversichert sind",25270,Mä,1009,43,349,188,0,1,428
5,1,185,,,Fr,2506,145,1037,567,0,2,755
5,1,186,,,Zu,3515,188,1386,755,0,3,1183
5,1,187,"Mitversicherte Familienangehörige der Pflegekasse gesamt (Schl.-Nr. 11099, 25250 abzgl. 25270)",25299,Mä,7035267,2827030,1093046,430117,26461,68705,2589908
5,1,188,,,Fr,8742114,3520915,1394678,538526,58533,108264,3121198
5,1,189,,,Zu,15777381,6347945,2487724,968643,84994,176969,5711106
5,1,190,"Pflegeversicherte gesamt (Schl.-Nr. 25099, 25299)",25599,Mä,36040030,13501168,5760667,2493843,260886,554120,13469346
5,1,191,,,Fr,38453238,13912935,5785774,2358993,207365,594712,15593459
5,1,192,,,Zu,74493268,27414103,11546441,4852836,468251,1148832,29062805
5,1,193,Betreute Personen-Haushaltsvorstand,30010,Mä,115111,79200,5567,3323,2,953,26066
5,1,194,,,Fr,120037,82005,5587,3488,2,935,28020
5,1,195,,,Zu,235148,161205,11154,6811,4,1888,54086
5,1,196,Betreute Personen-Familienangehörige,30011,Mä,24355,15679,1355,813,0,339,6169
5,1,197,,,Fr,38894,25464,1986,1343,0,456,9645
5,1,198,,,Zu,63249,41143,3341,2156,0,795,15814
5,1,199,"Betreute Personen nach § 264 SGB V gesamt (Schl.-Nr. 30010, 30011)",30099,Mä,139466,94879,6922,4136,2,1292,32235
5,1,200,,,Fr,158931,107469,7573,4831,2,1391,37665
5,1,201,,,Zu,298397,202348,14495,8967,4,2683,69900
5,1,202,"nach § 264 Abs. 1 und 2 SGB V betreute Personen, mit Leistungen nach dem AsylbLG (aus Schl.-Nr. 30099)",31099,Mä,68015,42060,4932,2608,0,951,17464
5,1,203,,,Fr,50686,31704,3665,2014,0,696,12607
5,1,204,,,Zu,118701,73764,8597,4622,0,1647,30071
5,1,205,Versichertenzugänge durch Geburt,40100,Mä,21920,8035,3444,1302,55,145,8939
5,1,206,,,Fr,20760,7648,3249,1210,43,146,8464
5,1,207,,,Zu,42680,15683,6693,2512,98,291,17403
5,1,208,Versichertenzugänge Insgesamt,40999,Mä,570854,251707,87462,32012,747,5934,192992
5,1,209,,,Fr,472762,203551,70919,26444,585,4815,166448
5,1,210,,,Zu,1043616,455258,158381,58456,1332,10749,359440
5,1,211,Versichertenabgänge durch Versterben,41100,Mä,38806,15796,4873,2793,721,1545,13078
5,1,212,,,Fr,41806,17373,3964,1983,643,1651,16192
5,1,213,,,Zu,80612,33169,8837,4776,1364,3196,29270
5,1,214,Versichertenabgänge Insgesamt,41999,Mä,536179,237184,78154,34704,1309,7743,177085
5,1,215,,,Fr,454978,195021,65802,29237,1264,6824,156830
5,1,216,,,Zu,991157,432205,143956,63941,2573,14567,333915
5,1,217,Beitragsfähige Einnahmen des Vorvormonats,50099,Zu,121900,37633,22462,7837,,1176,52792
5,1,218,Mitglieder unbestimmten Geschlechts gemäß § 22 Abs. 3 PStG,60999,Zu,6907,1248,1451,256,0,59,3893
5,1,219,Mitversicherte Familienangehörige unbestimmten Geschlechts gemäß § 22 Abs. 3 PStG,61999,Zu,1728,315,373,92,0,20,928
6,1,1,,,,,Monatsstatistik der Gesetzlichen Krankenversicherung,,,,,
6,1,2,,,,,"über Mitglieder, Versicherte und Kranke, April 2026",,,,,
6,1,3,,,,,Bund insgesamt,,,,,
6,1,4,Mitgliederstatistik KM1,,,,,,,,,
6,1,5,,,,Insgesamt,AOK,BKK,IKK,LKK,KBS,vdek
6,1,7,,,,Anzahl der Kassen,,,,,,
6,1,9,Kassen insgesamt,,,93,11,68,6,1,1,6
6,1,12,landesunmittelbar,,,34,11,21,2,,,
6,1,14,bundesunmittelbar,,,59,,47,4,1,1,6
6,1,16,regional geöffnet,,,38,11,24,3,,,
6,1,18,bundesweit geöffnet,,,34,,24,3,,1,6
6,1,20,nicht geöffnet,,,21,,20,,1,,
6,1,21,Pflichtmitglieder mit Entgeltfortzahlungsanspruch für mindestens 6 Wochen,10010,Mä,14484237,5743936,2410025,1119308,0,158804,5052164
6,1,22,,,Fr,14587699,5030266,2477126,966002,0,141654,5972651
6,1,23,,,Zu,29071936,10774202,4887151,2085310,0,300458,11024815
6,1,24,Pflichtmitglieder ohne Entgeltfortzahlungsanspruch für mindestens 6 Wochen,10011,Mä,6243,289,2219,555,0,8,3172
6,1,25,,,Fr,5492,697,1500,445,0,15,2835
6,1,26,,,Zu,11735,986,3719,1000,0,23,6007
6,1,27,Auszubildende mit Entgelt (aus Schl.-Nr. 10010),10015,Mä,820341,308168,149083,56944,0,7972,298174
6,1,28,,,Fr,631192,252821,100536,42239,0,6345,229251
6,1,29,,,Zu,1451533,560989,249619,99183,0,14317,527425
6,1,30,Saisonarbeitnehmer (aus Schl.-Nr. 10010 und 10011),10016,Mä,15208,6904,913,360,0,123,6908
6,1,31,,,Fr,8869,4097,672,145,0,30,3925
6,1,32,,,Zu,24077,11001,1585,505,0,153,10833
6,1,33,Arbeitslosengeldempfänger nach dem SGB III,10030,Mä,625501,261924,93730,47256,102,7891,214598
6,1,34,,,Fr,480606,178803,75398,31754,117,5412,189122
6,1,35,,,Zu,1106107,440727,169128,79010,219,13303,403720
6,1,36,Bürgergeld-Beziehende,10031,Mä,1530363,870633,137200,110974,300,23449,387807
6,1,37,,,Fr,1566993,925663,133966,96686,286,23352,387040
6,1,38,,,Zu,3097356,1796296,271166,207660,586,46801,774847
6,1,39,Landwirtschaftliche Unternehmer,10050,Mä,114643,,0,0,114643,,0
6,1,40,,,Fr,15738,,0,0,15738,,0
6,1,41,,,Zu,130381,,0,0,130381,,0
6,1,42,Mitarbeitende Familienangehörige,10051,Mä,10297,,0,0,10297,,0
6,1,43,,,Fr,6499,,0,0,6499,,0
6,1,44,,,Zu,16796,,0,0,16796,,0
6,1,45,"Versicherungspflichtige nach § 5 Abs. 1 Nr. 13 SGB V, § 2 Abs. 1 Nr. 7 KVLG 1989",10060,Mä,48030,22722,4897,4315,101,565,15430
6,1,46,,,Fr,28462,11902,3056,1768,64,297,11375
6,1,47,,,Zu,76492,34624,7953,6083,165,862,26805
6,1,48,Sonstige Pflichtmitglieder (ohne 10010 bis 10060 und 10090 bis 10170),10070,Mä,497534,202481,81550,33985,0,7995,171523
6,1,49,,,Fr,361244,133139,48436,23090,0,4765,151814
6,1,50,,,Zu,858778,335620,129986,57075,0,12760,323337
6,1,51,Versicherungspflichtige Beschäftigte mit Bezug einer Altersrente (aus Schl.-Nr. 10070),10071,Mä,124458,17043,24581,17545,0,735,64554
6,1,52,,,Fr,109692,13556,19939,11251,0,408,64538
6,1,53,,,Zu,234150,30599,44520,28796,0,1143,129092
6,1,54,"Studenten, Praktikanten, Auszubildende ohne Entgelt",10090,Mä,396877,73787,48991,12031,752,1552,259764
6,1,55,,,Fr,363501,76002,48540,12473,815,1552,224119
6,1,56,,,Zu,760378,149789,97531,24504,1567,3104,483883
6,1,57,Rehabilitanden,10110,Mä,21547,8628,2995,2123,112,400,7289
6,1,58,,,Fr,16680,6214,2442,1365,21,268,6370
6,1,59,,,Zu,38227,14842,5437,3488,133,668,13659
6,1,60,Selbständige Künstler und Publizisten,10130,Mä,77138,14692,9052,2409,,297,50688
6,1,61,,,Fr,72017,11129,9763,2139,,255,48731
6,1,62,,,Zu,149155,25821,18815,4548,,552,99419
6,1,63,Versicherungspflichtige Vorruhestandsgeldempfänger nach § 5 Abs. 3 SGB V/§ 2 Abs. 6 KVLG 1989,10150,Mä,1869,313,865,54,0,9,628
6,1,64,,,Fr,4267,510,1460,159,0,17,2121
6,1,65,,,Zu,6136,823,2325,213,0,26,2749
6,1,66,Freiwillig Wehrdienstleistende,10170,Mä,4063,1187,643,221,7,130,1875
6,1,67,,,Fr,722,229,107,34,1,15,336
6,1,68,,,Zu,4785,1416,750,255,8,145,2211
6,1,69,Pflichtmitglieder AKV gesamt (Schl.-Nr. 10010 bis 10170 ohne 10015 und 10016),10199,Mä,17818342,7200592,2792167,1333231,126314,201100,6164938
6,1,70,,,Fr,17509920,6374554,2801794,1135915,23541,177602,6996514
6,1,71,,,Zu,35328262,13575146,5593961,2469146,149855,378702,13161452
6,1,72,Freiwillige Mitglieder mit Anspruch auf  Krankengeld nach Ablauf von 6 Wochen,10210,Mä,2481168,403791,584251,102701,617,15364,1374444
6,1,73,,,Fr,897910,138734,182946,36184,42,4247,535757
6,1,74,,,Zu,3379078,542525,767197,138885,659,19611,1910201
6,1,75,Freiwillige Mitglieder ohne Anspruch auf Krankengeld,10212,Mä,1658170,573847,213230,112502,13027,20734,724830
6,1,76,,,Fr,1124375,359173,153414,61521,6570,12603,531094
6,1,77,,,Zu,2782545,933020,366644,174023,19597,33337,1255924
6,1,78,Freiwillige Mitglieder - Arbeitnehmer - aus den Schl.-Nrn. 10210 und 10212,10217,Mä,2289358,345545,562830,80721,1302,14444,1284516
6,1,79,,,Fr,786736,112273,167662,27241,246,3702,475612
6,1,80,,,Zu,3076094,457818,730492,107962,1548,18146,1760128
6,1,81,Freiwillige Mitglieder - hauptberuflich Selbständige - aus den Sch.-Nrn. 10210 und 10212,10218,Mä,964170,309405,125324,84172,8802,7266,429201
6,1,82,,,Fr,532683,141057,82853,36540,2786,3751,265696
6,1,83,,,Zu,1496853,450462,208177,120712,11588,11017,694897
6,1,84,Freiwillige Mitglieder -Rentner- aus den Schl.-Nrn. 10210 bis 10212,10219,Mä,215873,92729,22443,12223,336,5304,82838
6,1,85,,,Fr,146504,60119,14443,6513,269,2998,62162
6,1,86,,,Zu,362377,152848,36886,18736,605,8302,145000
6,1,87,Freiwillige Mitglieder - ohne Mitwirkung bei der Begründung der Mitgliedschaft und Beitragseinstufung zum Höchstbetrag,10221,Mä,150972,60317,17329,8726,0,3509,61091
6,1,88,,,Fr,83125,33210,9635,4645,0,2246,33389
6,1,89,,,Zu,234097,93527,26964,13371,0,5755,94480
6,1,90,Freiwillige Mitglieder - Beamte - aus der Schl.-Nr. 10212,10222,Mä,44842,16639,5352,1736,0,41,21074
6,1,91,,,Fr,56702,14403,6398,1952,0,71,33878
6,1,92,,,Zu,101544,31042,11750,3688,0,112,54952
6,1,93,Vorruhestandsgeldempfänger mit Beitragszuschuß nach § 257 Abs. 3 SGB V,10230,Mä,1528,18,735,40,0,,735
6,1,94,,,Fr,520,6,127,20,0,,367
6,1,95,,,Zu,2048,24,862,60,0,,1102
6,1,96,Freiwillige Mitglieder mit Auslandsaufenthalt (§ 240 Abs. 4b SGB V),10270,Mä,18666,3192,4742,581,6,132,10013
6,1,97,,,Fr,8858,1457,1706,215,2,46,5432
6,1,98,,,Zu,27524,4649,6448,796,8,178,15445
6,1,99,Freiwillige Mitglieder AKV gesamt (Schl.-Nr. 10210 bis 10270 ohne 10217 bis 10221),10299,Mä,4159532,980848,802958,215824,13650,36230,2110022
6,1,100,,,Fr,2031663,499370,338193,97940,6614,16896,1072650
6,1,101,,,Zu,6191195,1480218,1141151,313764,20264,53126,3182672
6,1,102,"Mitglieder AKV gesamt (Schl.-Nr. 10199, 10299)",10399,Mä,21977874,8181440,3595125,1549055,139964,237330,8274960
6,1,103,,,Fr,19541583,6873924,3139987,1233855,30155,194498,8069164
6,1,104,,,Zu,41519457,15055364,6735112,2782910,170119,431828,16344124
6,1,105,Rentner und Rentenantragsteller,10499,Mä,6885164,2470289,1071106,508733,0,245077,2589959
6,1,106,,,Fr,10020993,3514277,1245546,581932,0,290140,4389098
6,1,107,,,Zu,16906157,5984566,2316652,1090665,0,535217,6979057
6,1,108,Altenteiler und sonstige Versicherte der landwirtschaftlichen Krankenkassen,10599,Mä,93942,,0,0,93942,,0
6,1,109,,,Fr,118231,,0,0,118231,,0
6,1,110,,,Zu,212173,,0,0,212173,,0
6,1,111,"Mitglieder KVdR gesamt (Schl.-Nr. 10499,10599)",10599A,Mä,,,,,,,
6,1,112,,,Fr,,,,,,,
6,1,113,,,Zu,,,,,,,
6,1,114,"Mitglieder gesamt (Schl.-Nr. 10399, 10499, 10599)",10999,Mä,28956980,10651729,4666231,2057788,233906,482407,10864919
6,1,115,,,Fr,29680807,10388201,4385533,1815787,148386,484638,12458262
6,1,116,,,Zu,58637787,21039930,9051764,3873575,382292,967045,23323181
6,1,117,Mitversicherte Familienangehörige der AKV (der Schl.-Nr. 10399),11010,Mä,6884055,2763747,1073194,419466,25926,65602,2536120
6,1,118,,,Fr,8287542,3356686,1309717,509556,55048,85016,2971519
6,1,119,,,Zu,15171597,6120433,2382911,929022,80974,150618,5507639
6,1,120,Mitversicherte Kinder nach  § 10 Abs. 2 und 4 SGB V   aus   Schlnr. 11010,11015,Mä,6625160,2652902,1042638,406428,24665,63405,2435122
6,1,121,,,Fr,6485384,2577631,1028469,401910,25514,61915,2389945
6,1,122,,,Zu,13110544,5230533,2071107,808338,50179,125320,4825067
6,1,123,"Mitversicherte Familienangehörige der KVdR und der Altenteiler (der Schl.-Nr. 10499, 10599)",11030,Mä,149801,63247,19557,9304,449,2690,54554
6,1,124,,,Fr,443715,159628,83541,26820,3181,22256,148289
6,1,125,,,Zu,593516,222875,103098,36124,3630,24946,202843
6,1,126,Mitversicherte Kinder nach  § 10 Abs. 2 und 4 SGB V   aus   Schlnr. 11030,11035,Mä,103336,40844,15273,7048,402,2275,37494
6,1,127,,,Fr,101534,39624,15421,6859,383,2199,37048
6,1,128,,,Zu,204870,80468,30694,13907,785,4474,74542
6,1,129,"Mitversicherte Familienangehörige gesamt (Schl.-Nr. 11010, 11030)",11099,Mä,7033856,2826994,1092751,428770,26375,68292,2590674
6,1,130,,,Fr,8731257,3516314,1393258,536376,58229,107272,3119808
6,1,131,,,Zu,15765113,6343308,2486009,965146,84604,175564,5710482
6,1,132,"Versicherte AKV gesamt (Schl.-Nr. 10399, 11010)",12010,Mä,28861929,10945187,4668319,1968521,165890,302932,10811080
6,1,133,,,Fr,27829125,10230610,4449704,1743411,85203,279514,11040683
6,1,134,,,Zu,56691054,21175797,9118023,3711932,251093,582446,21851763
6,1,135,"Versicherte KVdR und Altenteiler gesamt (Schl.-Nr. 10499, 10599, 11030)",12030,Mä,7128907,2533536,1090663,518037,94391,247767,2644513
6,1,136,,,Fr,10582939,3673905,1329087,608752,121412,312396,4537387
6,1,137,,,Zu,17711846,6207441,2419750,1126789,215803,560163,7181900
6,1,138,"Versicherte gesamt (Schl.-Nr. 12010, 12030)",12099,Mä,35990836,13478723,5758982,2486558,260281,550699,13455593
6,1,139,,,Fr,38412064,13904515,5778791,2352163,206615,591910,15578070
6,1,140,,,Zu,74402900,27383238,11537773,4838721,466896,1142609,29033663
6,1,141,Krankengeldberechtigte Mitglieder (aus Schl.-Nr. 10399),15000,Mä,17767723,6471763,3108192,1279270,11054,184575,6712869
6,1,142,,,Fr,16114900,5393053,2753414,1041406,6646,153150,6767231
6,1,143,,,Zu,33882623,11864816,5861606,2320676,17700,337725,13480100
6,1,144,"Arbeitsunfähige, krankengeldberechtigte Mitglieder (aus Schl.-Nr. 15000)",15010,Mä,1062368,410711,193312,100899,207,14494,342745
6,1,145,,,Fr,1058323,367262,186703,82027,161,12813,409357
6,1,146,,,Zu,2120691,777973,380015,182926,368,27307,752102
6,1,147,"Krankenstand der arbeitsunfähigen, krankengeldberechtigten Mitglieder (Schlnr. 15010 in v.H. Schl.-Nr. 15000)",15030,Mä,5.98,6.38,6.23,7.89,1.87,7.85,5.11
6,1,148,,,Fr,6.57,6.84,6.79,7.88,2.42,8.37,6.05
6,1,149,,,Zu,6.26,6.59,6.49,7.88,2.08,8.09,5.58
6,1,150,Zusatzbeitrag nach § 242 Absatz 1 SGB V,16060,BM,3.13,2.99,3.44,3.57,,4.3,3.02
6,1,151,"Mitglieder, für die der allgemeine Beitragssatz gilt (§ 241 SGB V)",16100,Zu,51517934,17969599,8284351,3443190,,874383,20946411
6,1,152,"Mitglieder, für die der ermäßigte Beitragssatz gilt (§ 243 SGB V)",16110,Zu,6737561,3070331,767413,430385,,92662,2376770
6,1,153,Versicherte mit Wahltarif nach § 53 Abs. 1 SGB V,18910,Zu,520038,263597,41056,20293,0,40,195052
6,1,154,Versicherte mit Wahltarif nach § 53 Abs. 2 SGB V,18920,Zu,144931,,36207,26666,12580,24,69454
6,1,155,Versicherte mit Wahltarif nach § 53 Abs. 3 SGB V,18930,Zu,18075869,8601184,1590585,980234,154797,510913,6238156
6,1,156,Versicherte mit Wahltarif nach § 53 Abs. 4 SGB V,18940,Zu,1533,,343,1,0,1053,136
6,1,157,Versicherte mit Wahltarif nach § 53 Abs. 6 SGB V,18960,Zu,64820,11315,793,2493,,316,49903
6,1,158,Versicherte mit Wahltarif nach § 53 Abs. 7 SGB V,18970,Zu,12227,11392,0,717,111,2,5
6,1,159,Versicherte mit Wahltarifen nach § 53 SGB V,18999,Zu,18659749,8811884,1656778,1020064,165019,512090,6493914
6,1,160,Arbeitnehmer zum 1. des Vormonats,20099,Zu,33194337,11483374,5845036,2224091,20728,326936,13294172
6,1,161,,,NV,858058,257078,186505,30177,1201,5261,377836
6,1,162,,,KV,32336279,11226296,5658531,2193914,19527,321675,12916336
6,1,163,Arbeitnehmer zum KM1-Stichtag,20199,Zu,32939672,11426572,5769844,2206789,20897,322322,13193248
6,1,164,,,NV,841285,250991,183215,29959,1212,4968,370940
6,1,165,,,KV,32098387,11175581,5586629,2176830,19685,317354,12822308
6,1,166,"Mitglieder der Pflegekasse, die nicht GKV versichert sind",25010,Mä,30541,20329,1522,939,19,227,7505
6,1,167,,,Fr,9444,6151,542,206,6,88,2451
6,1,168,,,Zu,39985,26480,2064,1145,25,315,9956
6,1,169,"GKV-Mitglieder, die nicht pflegeversichert sind",25011,Mä,14984,8106,2504,1025,19,596,2734
6,1,170,,,Fr,23788,14865,3313,1311,5,1133,3161
6,1,171,,,Zu,38772,22971,5817,2336,24,1729,5895
6,1,172,"Mitglieder der Pflegekasse gesamt (Schl.-Nr. 10999, 25010 abzgl. 25011)",25099,Mä,28972537,10663952,4665249,2057702,233906,482038,10869690
6,1,173,,,Fr,29666463,10379487,4382762,1814682,148387,483593,12457552
6,1,174,,,Zu,58639000,21043439,9048011,3872384,382293,965631,23327242
6,1,175,davon beitragsfrei wegen - stationärer Pflegebedürftigkeit,25210,Mä,49,32,6,0,0,1,10
6,1,176,,,Fr,70,32,11,1,0,2,24
6,1,177,,,Zu,119,64,17,1,0,3,34
6,1,178,davon beitragsfrei wegen - sonstiger Gründe,25230,Mä,33537,8058,7180,3534,208,280,14277
6,1,179,,,Fr,418568,83410,96124,33824,211,2458,202541
6,1,180,,,Zu,452105,91468,103304,37358,419,2738,216818
6,1,181,"Pflegeversicherte Familienangehörige, die nicht als solche GKV-versichert sind",25250,Mä,78,27,18,1,15,,17
6,1,182,,,Fr,167,81,24,8,20,,34
6,1,183,,,Zu,245,108,42,9,35,,51
6,1,184,"GKV-versicherte Familienangehörige, die nicht als solche pflegeversichert sind",25270,Mä,1015,43,350,188,0,1,433
6,1,185,,,Fr,2520,142,1032,584,0,2,760
6,1,186,,,Zu,3535,185,1382,772,0,3,1193
6,1,187,"Mitversicherte Familienangehörige der Pflegekasse gesamt (Schl.-Nr. 11099, 25250 abzgl. 25270)",25299,Mä,7032919,2826978,1092419,428583,26390,68291,2590258
6,1,188,,,Fr,8728904,3516253,1392250,535800,58249,107270,3119082
6,1,189,,,Zu,15761823,6343231,2484669,964383,84639,175561,5709340
6,1,190,"Pflegeversicherte gesamt (Schl.-Nr. 25099, 25299)",25599,Mä,36005456,13490930,5757668,2486285,260296,550329,13459948
6,1,191,,,Fr,38395367,13895740,5775012,2350482,206636,590863,15576634
6,1,192,,,Zu,74400823,27386670,11532680,4836767,466932,1141192,29036582
6,1,193,Betreute Personen-Haushaltsvorstand,30010,Mä,114127,78528,5531,3303,2,945,25818
6,1,194,,,Fr,120032,82089,5557,3533,2,931,27920
6,1,195,,,Zu,234159,160617,11088,6836,4,1876,53738
6,1,196,Betreute Personen-Familienangehörige,30011,Mä,24284,15583,1360,801,0,322,6218
6,1,197,,,Fr,38677,25260,1972,1293,0,449,9703
6,1,198,,,Zu,62961,40843,3332,2094,0,771,15921
6,1,199,"Betreute Personen nach § 264 SGB V gesamt (Schl.-Nr. 30010, 30011)",30099,Mä,138411,94111,6891,4104,2,1267,32036
6,1,200,,,Fr,158709,107349,7529,4826,2,1380,37623
6,1,201,,,Zu,297120,201460,14420,8930,4,2647,69659
6,1,202,"nach § 264 Abs. 1 und 2 SGB V betreute Personen, mit Leistungen nach dem AsylbLG (aus Schl.-Nr. 30099)",31099,Mä,67237,41650,4893,2554,0,924,17216
6,1,203,,,Fr,50260,31534,3639,1945,0,686,12456
6,1,204,,,Zu,117497,73184,8532,4499,0,1610,29672
6,1,205,Versichertenzugänge durch Geburt,40100,Mä,22376,8145,3495,1335,51,161,9189
6,1,206,,,Fr,21343,7491,3291,1239,53,162,9107
6,1,207,,,Zu,43719,15636,6786,2574,104,323,18296
6,1,208,Versichertenzugänge Insgesamt,40999,Mä,632251,261385,115098,32829,717,5254,216968
6,1,209,,,Fr,524548,211759,93331,27476,561,4372,187049
6,1,210,,,Zu,1156799,473144,208429,60305,1278,9626,404017
6,1,211,Versichertenabgänge durch Versterben,41100,Mä,36482,14522,4580,2673,661,1439,12607
6,1,212,,,Fr,38561,15647,3859,1883,620,1473,15079
6,1,213,,,Zu,75043,30169,8439,4556,1281,2912,27686
6,1,214,Versichertenabgänge Insgesamt,41999,Mä,666773,271537,118135,40377,1305,9052,226367
6,1,215,,,Fr,582392,228911,104125,35968,1294,8218,203876
6,1,216,,,Zu,1249165,500448,222260,76345,2599,17270,430243
6,1,217,Beitragsfähige Einnahmen des Vorvormonats,50099,Zu,121883,37369,22642,7744,,1178,52950
6,1,218,Mitglieder unbestimmten Geschlechts gemäß § 22 Abs. 3 PStG,60999,Zu,7053,1253,1476,261,0,61,4002
6,1,219,Mitversicherte Familienangehörige unbestimmten Geschlechts gemäß § 22 Abs. 3 PStG,61999,Zu,1759,323,376,90,0,19,951
